{"cameraMode":{"drawMode":0,"name":"Shaded","section":"Shading Mode"},"sceneLighting":false,"audioPlay":false,"sceneViewState":{"showFog":true,"showMaterialUpdate":false,"showSkybox":true,"showFlares":true,"showImageEffects":true,"showParticleSystems":true},"in2DMode":false,"pivot":{"x":0.029984084889292718,"y":0.029984084889292718,"z":0.029984084889292718},"rotation":{"x":-0.20161880552768708,"y":0.3171475827693939,"z":-0.06919342279434204,"w":-0.9241101741790772},"size":0.19433318078517915,"orthographic":false}